Datetime,Water Level (m)
2026-09-20 12:00:00,0.45256132
2026-09-20 13:00:00,0.5130419
2026-09-20 14:00:00,0.5192916
2026-09-20 15:00:00,0.4357586
2026-09-20 16:00:00,0.28316113
2026-09-20 17:00:00,0.10026792
2026-09-20 18:00:00,-0.06326242
2026-09-20 19:00:00,-0.14978927
2026-09-20 20:00:00,-0.10803723
2026-09-20 21:00:00,0.043848522
2026-09-20 22:00:00,0.279505
2026-09-20 23:00:00,0.5480721
2026-09-21 00:00:00,0.7726145
2026-09-21 01:00:00,0.917567
2026-09-21 02:00:00,0.9919324
2026-09-21 03:00:00,0.97298956
2026-09-21 04:00:00,0.8257619
2026-09-21 05:00:00,0.5861825
2026-09-21 06:00:00,0.31812665
2026-09-21 07:00:00,0.07017003
2026-09-21 08:00:00,-0.12776686
2026-09-21 09:00:00,-0.23304142
2026-09-21 10:00:00,-0.15926398
2026-09-21 11:00:00,0.08417578
2026-09-21 12:00:00,0.38859653
2026-09-21 13:00:00,0.66034895
2026-09-21 14:00:00,0.8361968
2026-09-21 15:00:00,0.90858406
2026-09-21 16:00:00,0.8389169
2026-09-21 17:00:00,0.63769996
2026-09-21 18:00:00,0.37271154
2026-09-21 19:00:00,0.12080273
2026-09-21 20:00:00,-0.08011627
2026-09-21 21:00:00,-0.18119344
2026-09-21 22:00:00,-0.07313975
2026-09-21 23:00:00,0.21770577
2026-09-22 00:00:00,0.5911545
2026-09-22 01:00:00,0.9327159
2026-09-22 02:00:00,1.180815
2026-09-22 03:00:00,1.3273166
2026-09-22 04:00:00,1.3153031
2026-09-22 05:00:00,1.0931443
2026-09-22 06:00:00,0.76292473
2026-09-22 07:00:00,0.41640952
2026-09-22 08:00:00,0.110739246
2026-09-22 09:00:00,-0.12982742
2026-09-22 10:00:00,-0.25442484
2026-09-22 11:00:00,-0.09666674
2026-09-22 12:00:00,0.24945287
2026-09-22 13:00:00,0.6479088
2026-09-22 14:00:00,0.9610681
2026-09-22 15:00:00,1.1745156
2026-09-22 16:00:00,1.2447203
2026-09-22 17:00:00,1.1103188
2026-09-22 18:00:00,0.8234933
2026-09-22 19:00:00,0.4889756
2026-09-22 20:00:00,0.16913885
2026-09-22 21:00:00,-0.092833236
2026-09-22 22:00:00,-0.23797159
2026-09-22 23:00:00,-0.07186003
2026-09-23 00:00:00,0.31824085
2026-09-23 01:00:00,0.77950877
2026-09-23 02:00:00,1.1993588
2026-09-23 03:00:00,1.5003246
2026-09-23 04:00:00,1.6220185
2026-09-23 05:00:00,1.4899583
2026-09-23 06:00:00,1.165759
2026-09-23 07:00:00,0.7712529
2026-09-23 08:00:00,0.3869755
2026-09-23 09:00:00,0.057258833
2026-09-23 10:00:00,-0.19490935
2026-09-23 11:00:00,-0.23979545
2026-09-23 12:00:00,0.07091998
2026-09-23 13:00:00,0.53322405
2026-09-23 14:00:00,1.0002642
2026-09-23 15:00:00,1.3549072
2026-09-23 16:00:00,1.5597627
2026-09-23 17:00:00,1.5171926
2026-09-23 18:00:00,1.232005
2026-09-23 19:00:00,0.85238343
2026-09-23 20:00:00,0.46343827
2026-09-23 21:00:00,0.10262248
2026-09-23 22:00:00,-0.1902977
2026-09-23 23:00:00,-0.34089524
2026-09-24 00:00:00,-0.057587657
2026-09-24 01:00:00,0.4519079
2026-09-24 02:00:00,0.9915488
2026-09-24 03:00:00,1.456935
2026-09-24 04:00:00,1.7358147
2026-09-24 05:00:00,1.7464491
2026-09-24 06:00:00,1.4744176
2026-09-24 07:00:00,1.0682204
2026-09-24 08:00:00,0.6315351
2026-09-24 09:00:00,0.22700551
2026-09-24 10:00:00,-0.11979946
2026-09-24 11:00:00,-0.4030579
2026-09-24 12:00:00,-0.41574398
2026-09-24 13:00:00,0.005759822
2026-09-24 14:00:00,0.5823814
2026-09-24 15:00:00,1.1100978
2026-09-24 16:00:00,1.499755
2026-09-24 17:00:00,1.6617832
2026-09-24 18:00:00,1.505834
2026-09-24 19:00:00,1.1239598
2026-09-24 20:00:00,0.6819584
2026-09-24 21:00:00,0.26970956
2026-09-24 22:00:00,-0.09136937
2026-09-24 23:00:00,-0.3863999
2026-09-25 00:00:00,-0.4237056
2026-09-25 01:00:00,0.013593658
2026-09-25 02:00:00,0.62195516
2026-09-25 03:00:00,1.215371
2026-09-25 04:00:00,1.6694432
2026-09-25 05:00:00,1.8897105
2026-09-25 06:00:00,1.7429286
2026-09-25 07:00:00,1.3503371
2026-09-25 08:00:00,0.8881945
2026-09-25 09:00:00,0.44158253
2026-09-25 10:00:00,0.041943092
2026-09-25 11:00:00,-0.2967729
2026-09-25 12:00:00,-0.49826527
2026-09-25 13:00:00,-0.21363248
2026-09-25 14:00:00,0.32223314
2026-09-25 15:00:00,0.9120232
2026-09-25 16:00:00,1.4511704
2026-09-25 17:00:00,1.7813164
2026-09-25 18:00:00,1.7825245
2026-09-25 19:00:00,1.4398206
2026-09-25 20:00:00,0.98152226
2026-09-25 21:00:00,0.52035415
2026-09-25 22:00:00,0.103919365
2026-09-25 23:00:00,-0.25156808
2026-09-26 00:00:00,-0.5305641
2026-09-26 01:00:00,-0.38968602
2026-09-26 02:00:00,0.15356058
2026-09-26 03:00:00,0.83329415
2026-09-26 04:00:00,1.4168441
2026-09-26 05:00:00,1.7991952
2026-09-26 06:00:00,1.8589845
2026-09-26 07:00:00,1.5484031
2026-09-26 08:00:00,1.0987595
2026-09-26 09:00:00,0.6274836
2026-09-26 10:00:00,0.20257255
2026-09-26 11:00:00,-0.16783044
2026-09-26 12:00:00,-0.4850665
